<?xml version="1.0" encoding="UTF-8" ?>
<!DOCTYPE configuration
  PUBLIC "-//mybatis.org//DTD Config 3.0//EN"
  "https://mybatis.org/dtd/mybatis-3-config.dtd">
<configuration>
<settings>
        <setting name="cacheEnabled" value="false" />
        <setting name="jdbcTypeForNull" value="NULL" />
    </settings>
    
    
 <typeAliases>
 	<typeAlias type="com.ezen.biz.dto.ProductVO" alias="product"/> 
 	<typeAlias type="com.ezen.biz.dto.MemberVO" alias="member"/>
 	<typeAlias type="com.ezen.biz.dto.PriceVO" alias="price"/>
 	<typeAlias type="com.ezen.biz.utils.Criteria" alias="criteria" />
 </typeAliases>
  <mappers>
    <mapper resource="mappings/product-mapping.xml"/>
    <mapper resource="mappings/member-mapping.xml"/>
    <mapper resource="mappings/price-mapping.xml"/>
  </mappers>
</configuration>