<?xml version="1.0" encoding="UTF-8" ?>
<!DOCTYPE mapper
  PUBLIC "-//mybatis.org//DTD Mapper 3.0//EN"
  "https://mybatis.org/dtd/mybatis-3-mapper.dtd">
<mapper namespace="PriceDAO">
	<insert id="insertPrice" parameterType="price">
		insert into
		price(pinum,pnum,picompa,price,pipage)
		values(PRICE_SEQ.nextval, PRODUCT_SEQ.nextval, #{picompa}, #{price},
		#{pipage})
	</insert>

	<select id="selectPriceList" resultType="price">
		select pinum, picompa,
		price,pipage
		from price 
	</select>
	

	<select id="selectPrice" resultType="price">
		select * from price
		where
		pinum=#{pinum} 
	</select>

	<update id="updatePrice" parameterType="price">
		update price set picompa=#{picompa},price=#{price}, pipage=#{pipage}
		where pinum=#{pinum}
	</update>
	
	<update id="deletePrice" parameterType="java.lang.Long">
		update price set pinum=#{pinum}
	</update>
</mapper>
