<?xml version="1.0" encoding="UTF-8" ?>
<!DOCTYPE mapper
  PUBLIC "-//mybatis.org//DTD Mapper 3.0//EN"
  "https://mybatis.org/dtd/mybatis-3-mapper.dtd">
<mapper namespace="ProductDAO">
	<insert id="insertProduct" parameterType="product">
		insert into
		product(pnum,ptype1,ptype2,pname,pcompa,pcontent,pimg1,pimg2,psavimg)
		values(PRODUCT_SEQ.nextval, #{ptype1}, #{ptype2},
		#{pname}, #{pcompa},
		#{pcontent}, #{pimg1},#{pimg2},#{psavimg})
	</insert>

	<select id="selectProductList" resultType="product">
	select *
		from product where useitem='Y' and ptype2=#{subcategory}
		order by preg desc
	</select>
	<!-- 검색조건+페이징 목록가져오기 -->
	<select id="selectProductListPaging"
		resultType="com.ezen.biz.dto.ProductVO">
		select * from (
		select rownum rn, A.* from
		(select
		pnum,ptype1,ptype2,pname,pcompa,pcontent,preg from product where 1=1
		<choose>
		    <when test="ptype1 != null">
		      	AND ptype1= #{ptype1}
		    </when>
			<otherwise>
	      		AND ptype1 is not null 
		    </otherwise>
	   </choose>
	   		<choose>
		    <when test="ptype2 != null">
		      	AND ptype2= #{ptype2}
		    </when>
			<otherwise>
	      		AND ptype2 is not null 
		    </otherwise>
	   </choose>
		<if test="searchtype=='pname'">
			and pname like '%' || #{searchword} ||'%'
		</if>
		<if test="searchtype=='pcompa'">
			and pcompa like '%' || #{searchword} ||'%'
		</if>
		<if test="searchtype=='pcontent'">
			and pcontent like '%' || #{searchword} ||'%'
		</if>
		and useitem='Y' order by pnum desc) A
		<![CDATA[
			where rownum<=#{pageNum}*#{rowsPerPage}
			) where rn>=#{pageNum}*#{rowsPerPage}-#{rowsPerPage}+1
		]]>

	</select>
	<!-- 제품의 전체개수 가져오기 -->
	<select id="selectRowCount" resultType="java.lang.Integer">
		select count(*) from product where useitem='Y'
	</select>
	<!-- 검색조건에 해당하는 개수 가져오기 -->
	<select id="selectRowCountPaging" resultType="java.lang.Integer">
	select count(*) from product where 1=1
		<choose>
		    <when test="ptype1 != null">
		      	AND ptype1= #{ptype1}
		    </when>
			<otherwise>
	      		AND ptype1 is not null 
		    </otherwise>
	   </choose>
	   		<choose>
		    <when test="ptype2 != null">
		      	AND ptype2= #{ptype2}
		    </when>
			<otherwise>
	      		AND ptype2 is not null 
		    </otherwise>
	   </choose>
		<if test="searchtype=='pname'">
			and pname like '%' || #{searchword} ||'%'
		</if>
		<if test="searchtype=='pcompa'">
			and pcompa like '%' || #{searchword} ||'%'
		</if>
		<if test="searchtype=='pcontent'">
			and pcontent like '%' || #{searchword} ||'%'
		</if>
		and useitem='Y'
	</select>

	<select id="selectProduct" resultType="product">
		select * from product
		where
		pnum=#{pnum} and useitem='Y'
	</select>

	<update id="updateProduct" parameterType="product">
		update product set pname=#{pname},pcompa=#{pcompa}, ptype1=#{ptype1},
		ptype2=#{ptype2},
		pcontent=#{pcontent}, pimg1=#{pimg1}, pimg2=#{pimg2} ,
		psavimg=#{psavimg}
		where pnum=#{pnum}
	</update>
	
	<update id="deleteProduct" parameterType="product">
		update product set useitem='N' where pnum=#{pnum}
	</update>
	
	 <resultMap type="com.ezen.biz.dto.ScateInfo" id="scateInfoMap">
   		<result property="ptype2" column="ptype2"/>
   </resultMap>
   <resultMap type="com.ezen.biz.dto.McateInfo" id="productMenuMap">
   		<result property="ptype1" column="ptype1"/>
   		<collection property="ptype2" resultMap="scateInfoMap"/>
   </resultMap>
	
	 <select id="selectProductMenu" resultMap="productMenuMap">
   		select p1.ptype1,p2.ptype2 from 
	    	(select DISTINCT ptype1
			from product )p1 
			,product p2
		where p1.ptype1=p2.ptype1
		order by ptype1,ptype2
   </select>
</mapper>
